서점,제목,구입일,링크
알라딘,아르테미스 ,2017-12-06,http://www.aladin.co.kr/shop/wproduct.aspx?ItemId=124705756
알라딘,어니스트 헤밍웨이,2017-08-17,http://www.aladin.co.kr/shop/wproduct.aspx?ItemId=44094452
알라딘,윌리엄 포크너,2017-08-17,http://www.aladin.co.kr/shop/wproduct.aspx?ItemId=44094451
알라딘,토마스 만,2017-08-17,http://www.aladin.co.kr/shop/wproduct.aspx?ItemId=44094450
알라딘,대실 해밋,2017-08-17,http://www.aladin.co.kr/shop/wproduct.aspx?ItemId=44094449
알라딘,데이먼 러니언,2017-08-17,http://www.aladin.co.kr/shop/wproduct.aspx?ItemId=44094448
알라딘,허버트 조지 웰스,2017-08-17,http://www.aladin.co.kr/shop/wproduct.aspx?ItemId=44094447
알라딘,하워드 필립스 러브크래프트,2017-08-17,http://www.aladin.co.kr/shop/wproduct.aspx?ItemId=44094446
알라딘,오 헨리,2017-08-17,http://www.aladin.co.kr/shop/wproduct.aspx?ItemId=44094445
알라딘,기 드 모파상,2017-08-17,http://www.aladin.co.kr/shop/wproduct.aspx?ItemId=44094444
알라딘,대프니 듀 모리에 : 지금 쳐다보지 마 외 8편 - 세계문학단편선 10,2017-08-17,http://www.aladin.co.kr/shop/wproduct.aspx?ItemId=50447638
알라딘,사이트 파이크 아바스야느크,2017-08-17,http://www.aladin.co.kr/shop/wproduct.aspx?ItemId=50450589
알라딘,플래너리 오코너,2017-08-17,http://www.aladin.co.kr/shop/wproduct.aspx?ItemId=54794014
알라딘,몬터규 로즈 제임스,2017-08-17,http://www.aladin.co.kr/shop/wproduct.aspx?ItemId=54794013
알라딘,로버트 루이스 스티븐슨,2017-08-17,http://www.aladin.co.kr/shop/wproduct.aspx?ItemId=56509508
알라딘,윌리엄 트레버,2017-08-17,http://www.aladin.co.kr/shop/wproduct.aspx?ItemId=63235401
알라딘,잭 런던,2017-08-17,http://www.aladin.co.kr/shop/wproduct.aspx?ItemId=63242158
알라딘,허먼 멜빌,2017-08-17,http://www.aladin.co.kr/shop/wproduct.aspx?ItemId=66471238
알라딘,레이 브래드버리,2017-08-17,http://www.aladin.co.kr/shop/wproduct.aspx?ItemId=66471240
알라딘,제임스 서버,2017-08-17,http://www.aladin.co.kr/shop/wproduct.aspx?ItemId=67530535
알라딘,랭스턴 휴스,2017-08-17,http://www.aladin.co.kr/shop/wproduct.aspx?ItemId=94000293
알라딘,수레바퀴 아래서: 오리지널 초판본 표지디자인,2017-08-17,http://www.aladin.co.kr/shop/wproduct.aspx?ItemId=103058445
알라딘,데미안: 오리지널 초판본 표지디자인,2017-08-17,http://www.aladin.co.kr/shop/wproduct.aspx?ItemId=103058446
알라딘,힘 있는 말하기 : 당신의 말솜씨를 한 단계 업그레이해줄 달변의 기술 ,2017-07-21,http://www.aladin.co.kr/shop/wproduct.aspx?ItemId=99494746
알라딘,밤의 이야기꾼들 ,2017-07-21,http://www.aladin.co.kr/shop/wproduct.aspx?ItemId=45515934
알라딘,19가지 키워드로 읽는 핑거스미스 ,2017-07-06,http://www.aladin.co.kr/shop/wproduct.aspx?ItemId=71829865
알라딘,공부의 시대 : 저자가 답하다 ,2017-07-06,http://www.aladin.co.kr/shop/wproduct.aspx?ItemId=87148342
알라딘,수험용 핵심 한국사 100선 ,2017-07-06,http://www.aladin.co.kr/shop/wproduct.aspx?ItemId=49953342
알라딘,책의 공화국에서 ,2017-07-06,http://www.aladin.co.kr/shop/wproduct.aspx?ItemId=101954872
알라딘,끝내주는 책 ,2017-07-06,http://www.aladin.co.kr/shop/wproduct.aspx?ItemId=64211977
알라딘,유시민의 항소이유서 ,2017-06-26,http://www.aladin.co.kr/shop/wproduct.aspx?ItemId=112332831
알라딘,불안의 서 ,2017-06-16,http://www.aladin.co.kr/shop/wproduct.aspx?ItemId=86594320
알라딘,심플 ,2017-06-16,http://www.aladin.co.kr/shop/wproduct.aspx?ItemId=59089164
알라딘,오스카리아나 ,2017-06-16,http://www.aladin.co.kr/shop/wproduct.aspx?ItemId=92648138
알라딘,감각의 박물학 ,2017-06-16,http://www.aladin.co.kr/shop/wproduct.aspx?ItemId=103850259
